test,prediction
3287.704833984375,3268.97998046875
3271.51171875,3253.58740234375
3331.522216796875,3220.4169921875
3362.6513671875,3284.052978515625
